Built,n,prop
3.5.0,254,0.9694656488549618
3.5.1,8,0.030534351145038167
